Image File Rename Log
=====================

Renamed: 'Ping An Technology.jpg' -> 'Ping_An_Technology.jpg'
Renamed: 'UBTech Robotics.jpg' -> 'UBTech_Robotics.jpg'
Renamed: 'Pudu Robotics.jpg' -> 'Pudu_Robotics.jpg'
Renamed: 'Alibaba Cloud.jpg' -> 'Alibaba_Cloud.jpg'
Renamed: 'Geekplus Robotics.jpg' -> 'Geekplus_Robotics.jpg'
Renamed: 'TAL Education.jpg' -> 'TAL_Education.jpg'
Renamed: 'ByteDance AI Lab.jpg' -> 'ByteDance_AI_Lab.jpg'
Renamed: 'FAW Group.jpg' -> 'FAW_Group.jpg'
Renamed: 'Zhangmen Education.jpg' -> 'Zhangmen_Education.jpg'
Renamed: 'DiDi Autonomous.jpg' -> 'DiDi_Autonomous.jpg'
Renamed: 'Tencent Cloud.jpg' -> 'Tencent_Cloud.jpg'
Renamed: 'China Unicom IoT.jpg' -> 'China_Unicom_IoT.jpg'
Renamed: 'Dahua Technology.jpg' -> 'Dahua_Technology.jpg'
Renamed: 'Humanoid Robot (Shanghai) Co., Ltd..jpg' -> 'Humanoid_Robot_(Shanghai)_Co.,_Ltd..jpg'
Renamed: 'ZhongAn Insurance.jpg' -> 'ZhongAn_Insurance.jpg'
Renamed: 'Fourth Paradigm.jpg' -> 'Fourth_Paradigm.jpg'
Renamed: 'Yitu Technology.jpg' -> 'Yitu_Technology.jpg'
Renamed: 'Momenta Global.jpg' -> 'Momenta_Global.jpg'
Renamed: 'Quectel IoT.jpg' -> 'Quectel_IoT.jpg'
Renamed: 'Baidu AI Cloud.jpg' -> 'Baidu_AI_Cloud.jpg'
Renamed: 'Baidu Apollo.jpg' -> 'Baidu_Apollo.jpg'
Renamed: 'Shanghai Electric Group.jpg' -> 'Shanghai_Electric_Group.jpg'
Renamed: 'DJI Enterprise.jpg' -> 'DJI_Enterprise.jpg'
Renamed: 'United Imaging.jpg' -> 'United_Imaging.jpg'
Renamed: 'EHang Mobility.jpg' -> 'EHang_Mobility.jpg'
Renamed: 'VIPKid Education.jpg' -> 'VIPKid_Education.jpg'
Renamed: 'Yuncong Technology.jpg' -> 'Yuncong_Technology.jpg'
Renamed: 'Hikvision Robotics.jpg' -> 'Hikvision_Robotics.jpg'
Renamed: 'AutoX Robotics.jpg' -> 'AutoX_Robotics.jpg'
Renamed: 'Siasun Robotics.jpg' -> 'Siasun_Robotics.jpg'
Renamed: 'Keenon Robotics.jpg' -> 'Keenon_Robotics.jpg'
Renamed: 'Fourier Intelligence.jpg' -> 'Fourier_Intelligence.jpg'
Renamed: 'Gaussian Robotics.jpg' -> 'Gaussian_Robotics.jpg'
Renamed: 'Ping An Health.jpg' -> 'Ping_An_Health.jpg'
Renamed: 'JD Finance.jpg' -> 'JD_Finance.jpg'
Renamed: 'ForwardX Robotics.jpg' -> 'ForwardX_Robotics.jpg'
Renamed: 'Hesai Robotics.jpg' -> 'Hesai_Robotics.jpg'
Renamed: 'Yitu Healthcare.jpg' -> 'Yitu_Healthcare.jpg'
Renamed: 'T3 Robotics.jpg' -> 'T3_Robotics.jpg'
Renamed: 'H3Care Automation.jpg' -> 'H3Care_Automation.jpg'
Renamed: 'Ant Financial Ant Group.jpg' -> 'Ant_Financial_Ant_Group.jpg'
Renamed: 'CloudMinds Robotics.jpg' -> 'CloudMinds_Robotics.jpg'
Renamed: 'Tencent AI Lab.jpg' -> 'Tencent_AI_Lab.jpg'

Total files updated: 43
